estimator_label,n,mean_estimate,mean_abs_error,median_abs_error,rmse,mean_rel_error,median_rel_error,mean_signed_error,mean_completion
Beta-Binomial (incidence-based),5,12996.240489422013,186817.75951057798,175337.64724805072,202294.72301903644,0.9285589652720034,0.9344926480715794,-186817.75951057798,0.07123865787957488
Chao1 (incidence-based),5,12992.279803470608,186821.7201965294,175341.7525773196,202297.07676590577,0.9285906436865273,0.9345355241201877,-186821.7201965294,0.07123865787957488
Chao2 (incidence-based),5,12992.236594252969,186821.763405747,175341.76483203383,202297.11934249787,0.9285908973246162,0.9345359156415416,-186821.763405747,0.07123865787957488
Chao2_bc (incidence-based),5,12991.811523931816,186822.18847606817,175342.05264275102,202297.41393164496,0.9285940271750264,0.9345420912383617,-186822.18847606817,0.07123865787957488
Chiu (incidence-based),5,12963.514498766812,186850.4855012332,175349.69072164947,202325.50546184529,0.9287590918531972,0.9347951826684378,-186850.4855012332,0.07123865787957488
Jackknife1 (incidence-based),5,13126.556909361068,186687.44309063893,175310.05943536403,202127.76266980372,0.928023436423333,0.934213615263113,-186687.44309063893,0.07123865787957488
Lanumteang-Bohning (incidence-based),5,12990.946069224301,186823.0539307757,175319.91693629592,202305.67231832462,0.9285635423566857,0.9344836636297154,-186823.0539307757,0.07123865787957488
