estimator_label,n,mean_estimate,mean_abs_error,median_abs_error,rmse,mean_rel_error,median_rel_error,mean_signed_error,mean_completion
Exponential (incidence-frequency estimator),5,1.29632e+16,1.2963199999800186e+16,1.223599999976849e+16,1.3493308934229652e+16,71238657878.57489,65200982007.720825,1.2963199999800186e+16,0.07123865787957488
Gamma (incidence-frequency estimator),5,9184800000003782.0,9184799999892966.0,1.223599999976849e+16,1.2093719824581144e+16,39151659129.85868,42819067855.72244,9184799999803970.0,0.07123865787957488
Gamma-Poisson (incidence-frequency estimator),5,13024.514422135733,186789.48557786428,175283.5027149957,202250.85379250246,0.9285019872984386,0.9347417745499509,-186789.48557786428,0.07123865787957488
Negative Binomial (incidence-frequency estimator),5,13024.515093544172,186789.48490645582,175283.5027149957,202250.8534686684,0.9285019810192999,0.9347417725818397,-186789.48490645582,0.07123865787957488
Poisson (incidence-frequency estimator),5,12963.2,186850.8,175350.0,202325.73144017052,0.9287613421204253,0.9347990179912792,-186850.8,0.07123865787957488
Zipf-Mandelbrot (coverage-frequency estimator),5,12963.2,186850.8,175350.0,202325.73144017052,0.9287613421204253,0.9347990179912792,-186850.8,0.07123865787957488
