subject,C,s,q
parsera,0.001218112162421,0.3074734066834577,100.0
parserb,0.0022830489847955,0.4374604819534937,100.0
parserd,0.0017113508754525,0.3401640752716308,100.0
parsere,0.003447767610687,0.4544406200499885,100.0
parserf,0.0033357705072248,0.4610004942252833,100.0
