group,estimator,bias_mean,bias_sd,rel_error_mean,rel_error_sd
Parametric,Gamma-Poisson,-186789.48557786428,86711.41748173245,0.9285019872984384,0.025398381543528612
Parametric,Zipf-Mandelbrot,-186850.8,86764.6251516135,0.9287613421204253,0.025446598670460445
Non-Parametric,Chao2,-186821.763405747,86759.38862912696,0.9285908973246162,0.02546385355380666
Non-Parametric,Chao2_bc,-186822.18847606817,86759.10309906794,0.9285940271750264,0.02546230904269198
Non-Parametric,Chiu,-186850.4855012332,86764.81306054194,0.9287590918531972,0.02544785901950937
Non-Parametric,Jackknife1,-186687.44309063893,86627.29819592055,0.928023436423333,0.025149270813011368
Non-Parametric,Lanumteang-Bohning,-186823.0539307757,86780.84157914558,0.9285635423566857,0.025565889149112547
